{
  "joy_center": [
    0.12604166666666666,
    0.7703703703703704
  ],
  "btn_attack_center": [
    0.8854166666666666,
    0.5777777777777777
  ],
  "btn_dash_center": [
    0.8854166666666666,
    0.7777777777777778
  ]
}