{
  "joy_center": [
    0.15208333333333332,
    0.7703703703703704
  ],
  "btn_attack_center": [
    0.7604166666666666,
    0.6129629629629629
  ],
  "btn_dash_center": [
    0.8708333333333333,
    0.7759259259259259
  ]
}