{
  "joy_center": [
    0.11666666666666667,
    0.7925925925925926
  ],
  "btn_attack_center": [
    0.7604166666666666,
    0.6055555555555555
  ],
  "btn_dash_center": [
    0.8854166666666666,
    0.7777777777777778
  ]
}